link,tag,tag_type
https://en.wikipedia.org/wiki/Sustainable_agriculture,Sustainable,Keyword
https://en.wikipedia.org/wiki/Sustainable_agriculture,August,Keyword
https://en.wikipedia.org/wiki/Sustainable_agriculture,Jump,Keyword
https://en.wikipedia.org/wiki/Sustainable_agriculture,This,Keyword
https://en.wikipedia.org/wiki/Sustainable_agriculture,Wikipedia,Keyword
https://en.wikipedia.org/wiki/Sustainable_agriculture,Learn,Keyword
https://en.wikipedia.org/wiki/Sustainable_agriculture,From,Keyword
https://en.wikipedia.org/wiki/Sustainable_agriculture,Farming,Keyword
https://en.wikipedia.org/wiki/Sustainable_agriculture,Artificial,Keyword
https://en.wikipedia.org/wiki/Sustainable_agriculture,Zambia,Keyword
https://en.wikipedia.org/wiki/Sustainable_agriculture,Conservation,Keyword
https://en.wikipedia.org/wiki/Sustainable_agriculture,Intelligent,Keyword
https://en.wikipedia.org/wiki/Sustainable_agriculture,Environmental,Keyword
https://en.wikipedia.org/wiki/Sustainable_agriculture,Agrivoltaics,Keyword
https://en.wikipedia.org/wiki/Sustainable_agriculture,Practices,Keyword
https://en.wikipedia.org/wiki/Sustainable_agriculture,Soil,Keyword
https://en.wikipedia.org/wiki/Sustainable_agriculture,Africa,Keyword
https://en.wikipedia.org/wiki/Sustainable_agriculture,Peak,Keyword
https://en.wikipedia.org/wiki/Sustainable_agriculture,Over,Keyword
https://en.wikipedia.org/wiki/Sustainable_agriculture,Improper,Keyword
https://en.wikipedia.org/wiki/Sustainable_agriculture,Land,Keyword
https://en.wikipedia.org/wiki/Sustainable_agriculture,Wadi,Keyword
https://en.wikipedia.org/wiki/Sustainable_agriculture,Modification,Keyword
https://en.wikipedia.org/wiki/Sustainable_agriculture,Almost,Keyword
https://en.wikipedia.org/wiki/Sustainable_agriculture,Intensive,Keyword
https://en.wikipedia.org/wiki/Sustainable_agriculture,Agriculture,Keyword
https://en.wikipedia.org/wiki/Sustainable_agriculture,Organic,Keyword
https://en.wikipedia.org/wiki/Sustainable_agriculture,There,Keyword
https://en.wikipedia.org/wiki/Sustainable_agriculture,Charles,Keyword
https://en.wikipedia.org/wiki/Sustainable_agriculture,Nations,Keyword
https://en.wikipedia.org/wiki/Sustainable_agriculture,Food,Keyword
https://en.wikipedia.org/wiki/Sustainable_agriculture,Security,Keyword
https://en.wikipedia.org/wiki/Sustainable_agriculture,Kellogg,Keyword
https://en.wikipedia.org/wiki/Sustainable_agriculture,United,Keyword
https://www.nature.com/articles/d41586-025-03353-5,Bluesky,Keyword
https://www.nature.com/articles/d41586-025-03353-5,Reddit,Keyword
https://www.nature.com/articles/d41586-025-03353-5,Skip,Keyword
https://www.nature.com/articles/d41586-025-03353-5,Thank,Keyword
https://www.nature.com/articles/d41586-025-03353-5,Alzheimer,Keyword
https://www.nature.com/articles/d41586-025-03353-5,Internet,Keyword
https://www.nature.com/articles/d41586-025-03353-5,Explorer,Keyword
https://www.nature.com/articles/d41586-025-03353-5,Nature,Keyword
https://www.nature.com/articles/d41586-025-03353-5,Facebook,Keyword
https://www.nature.com/articles/d41586-025-03353-5,Email,Keyword
https://www.ncbi.nlm.nih.gov/pmc/articles/PMC10457221/,Checking,Keyword
https://www.ncbi.nlm.nih.gov/pmc/articles/PMC10457221/,Click,Keyword
https://www.fao.org/3/y4671e/y4671e06.htm,Africa,Keyword
https://www.fao.org/3/y4671e/y4671e06.htm,This,Keyword
https://www.fao.org/3/y4671e/y4671e06.htm,Introduction,Keyword
https://www.fao.org/3/y4671e/y4671e06.htm,Chapter,Keyword
https://www.fao.org/3/y4671e/y4671e06.htm,Food,Keyword
https://www.fao.org/3/y4671e/y4671e06.htm,Southern,Keyword
https://www.fao.org/3/y4671e/y4671e06.htm,Defining,Keyword
https://www.fao.org/3/y4671e/y4671e06.htm,Bank,Keyword
https://www.fao.org/3/y4671e/y4671e06.htm,Household,Keyword
https://www.fao.org/3/y4671e/y4671e06.htm,Because,Keyword
https://www.fao.org/3/y4671e/y4671e06.htm,Measurement,Keyword
https://www.fao.org/3/y4671e/y4671e06.htm,World,Keyword
https://www.fao.org/3/y4671e/y4671e06.htm,Where,Keyword
https://www.fao.org/3/y4671e/y4671e06.htm,Linking,Keyword
https://www.fao.org/3/y4671e/y4671e06.htm,Malawi,Keyword
https://www.fao.org/3/y4671e/y4671e06.htm,National,Keyword
https://www.fao.org/3/y4671e/y4671e06.htm,Conclusion,Keyword
https://www.fao.org/3/y4671e/y4671e06.htm,Although,Keyword
https://www.fao.org/3/y4671e/y4671e06.htm,Other,Keyword
https://www.fao.org/3/y4671e/y4671e06.htm,Zambia,Keyword
https://www.frontiersin.org/news/2025/09/01/rectangle-telescope-finding-habitable-planets,Circle,Keyword
https://www.frontiersin.org/news/2025/09/01/rectangle-telescope-finding-habitable-planets,Frontiers,Keyword
https://www.frontiersin.org/news/2025/09/01/rectangle-telescope-finding-habitable-planets,Science,Keyword
https://www.frontiersin.org/news/2025/09/01/rectangle-telescope-finding-habitable-planets,Earth,Keyword
https://www.frontiersin.org/news/2025/09/01/rectangle-telescope-finding-habitable-planets,Space,Keyword
https://www.frontiersin.org/news/2025/09/01/rectangle-telescope-finding-habitable-planets,Pablo,Keyword
https://www.frontiersin.org/news/2025/09/01/rectangle-telescope-finding-habitable-planets,David,Keyword
https://www.frontiersin.org/news/2025/09/01/rectangle-telescope-finding-habitable-planets,Image,Keyword
https://www.frontiersin.org/news/2025/09/01/rectangle-telescope-finding-habitable-planets,Some,Keyword
https://www.frontiersin.org/news/2025/09/01/rectangle-telescope-finding-habitable-planets,Credit,Keyword
https://www.frontiersin.org/news/2025/09/01/rectangle-telescope-finding-habitable-planets,Chelonia,Keyword
https://www.frontiersin.org/news/2025/09/01/rectangle-telescope-finding-habitable-planets,Yellow,Keyword
https://www.frontiersin.org/news/2025/09/01/rectangle-telescope-finding-habitable-planets,Juan,Keyword
https://www.frontiersin.org/news/2025/09/01/rectangle-telescope-finding-habitable-planets,Islands,Keyword
https://www.frontiersin.org/news/2025/09/01/rectangle-telescope-finding-habitable-planets,Herasimtschuk,Keyword
https://www.medscape.com/viewarticle/second-dose-boosts-shingles-protection-adults-aged-65-years-2025a1000ro7,Protection,Keyword
https://www.medscape.com/viewarticle/second-dose-boosts-shingles-protection-adults-aged-65-years-2025a1000ro7,Shingles,Keyword
https://www.medscape.com/viewarticle/second-dose-boosts-shingles-protection-adults-aged-65-years-2025a1000ro7,Medical,Keyword
https://www.medscape.com/viewarticle/second-dose-boosts-shingles-protection-adults-aged-65-years-2025a1000ro7,Over,Keyword
https://www.medscape.com/viewarticle/second-dose-boosts-shingles-protection-adults-aged-65-years-2025a1000ro7,Boosts,Keyword
https://www.medscape.com/viewarticle/second-dose-boosts-shingles-protection-adults-aged-65-years-2025a1000ro7,Medscape,Keyword
https://www.medscape.com/viewarticle/second-dose-boosts-shingles-protection-adults-aged-65-years-2025a1000ro7,Adults,Keyword
https://www.medscape.com/viewarticle/second-dose-boosts-shingles-protection-adults-aged-65-years-2025a1000ro7,Second,Keyword
https://www.medscape.com/viewarticle/second-dose-boosts-shingles-protection-adults-aged-65-years-2025a1000ro7,News,Keyword
https://www.medscape.com/viewarticle/second-dose-boosts-shingles-protection-adults-aged-65-years-2025a1000ro7,Dose,Keyword
https://www.theguardian.com/global-development/2025/oct/13/astro-ambassadors-stargazers-himalayas-hanle-ladakh-india,Hanle,Keyword
https://www.theguardian.com/global-development/2025/oct/13/astro-ambassadors-stargazers-himalayas-hanle-ladakh-india,Astronomical,Keyword
https://www.theguardian.com/global-development/2025/oct/13/astro-ambassadors-stargazers-himalayas-hanle-ladakh-india,Himalayan,Keyword
https://www.theguardian.com/global-development/2025/oct/13/astro-ambassadors-stargazers-himalayas-hanle-ladakh-india,Skip,Keyword
https://www.theguardian.com/global-development/2025/oct/13/astro-ambassadors-stargazers-himalayas-hanle-ladakh-india,Indian,Keyword
https://www.theguardian.com/global-development/2025/oct/13/astro-ambassadors-stargazers-himalayas-hanle-ladakh-india,Global,Keyword
https://www.theguardian.com/global-development/2025/oct/13/astro-ambassadors-stargazers-himalayas-hanle-ladakh-india,Guardian,Keyword
https://www.theguardian.com/global-development/2025/oct/13/astro-ambassadors-stargazers-himalayas-hanle-ladakh-india,Observatory,Keyword
https://www.theguardian.com/global-development/2025/oct/13/astro-ambassadors-stargazers-himalayas-hanle-ladakh-india,Share,Keyword
https://www.theguardian.com/global-development/2025/oct/13/astro-ambassadors-stargazers-himalayas-hanle-ladakh-india,South,Keyword
https://www.theguardian.com/global-development/2025/oct/13/astro-ambassadors-stargazers-himalayas-hanle-ladakh-india,Space,Keyword
https://www.theguardian.com/global-development/2025/oct/13/astro-ambassadors-stargazers-himalayas-hanle-ladakh-india,Astronomy,Keyword
https://www.theguardian.com/global-development/2025/oct/13/astro-ambassadors-stargazers-himalayas-hanle-ladakh-india,Asia,Keyword
https://www.theguardian.com/global-development/2025/oct/13/astro-ambassadors-stargazers-himalayas-hanle-ladakh-india,Reuse,Keyword
https://www.theguardian.com/global-development/2025/oct/13/astro-ambassadors-stargazers-himalayas-hanle-ladakh-india,Most,Keyword
